expected_price,preferred_price,interest_level,timeline_days,will_pay
1868.52,1850.99,1,60,0
1248.27,1018.98,1,30,0
5420.05,3925.48,2,14,0
1820.75,1779.75,1,60,0
7880.08,7017.17,5,14,1
9152.97,7242.86,2,60,1
8839.51,7569.19,1,30,0
5770.08,4121.46,5,7,1
9709.98,7992.11,5,7,1
1266.04,1245.65,5,7,1
2304.79,1859.98,4,14,1
8315.2,6932.7,5,14,1
4334.1,4321.53,1,14,0
8748.71,6278.61,4,7,1
412.55,295.2,1,14,0
6865.56,6563.97,1,30,0
867.09,792.76,3,30,1
7701.04,7402.93,5,7,1
2194.02,2071.0,3,7,1
3135.57,2918.71,2,30,1
1628.18,1398.86,3,30,1
6315.35,5604.55,1,7,0
4094.05,4050.04,5,7,1
635.87,535.84,3,14,0
2685.35,2112.49,3,14,1
2571.98,2094.67,2,7,0
7987.87,6249.73,1,60,0
4145.6,3910.52,1,7,1
8030.1,7883.87,5,60,1
9658.43,8926.87,4,7,1
4696.35,4555.73,2,7,1
4990.82,4450.47,5,30,1
4662.21,3637.31,3,14,1
618.42,501.37,3,7,0
2870.56,2109.78,1,14,0
2283.13,1608.84,1,7,0
8666.38,8361.19,2,14,1
4550.79,3964.35,1,14,0
9807.06,7357.37,3,14,0
4706.01,4299.93,5,14,1
1638.56,1557.76,4,30,1
4540.52,3291.27,4,60,1
6508.98,5335.13,1,14,0
2801.09,2121.42,3,14,0
4486.8,3375.21,3,60,1
8577.46,8072.94,2,60,0
6142.16,5839.75,3,14,1
1940.78,1881.23,3,14,1
9287.67,8991.94,3,7,1
8001.61,6263.22,4,14,1
7449.93,7102.51,3,14,1
7779.37,6891.64,4,30,1
8498.53,7334.75,4,30,1
8833.26,8033.32,3,7,1
4894.98,4406.79,5,60,1
4964.91,3639.63,1,60,0
7874.8,7165.99,5,7,1
1174.84,1103.52,5,60,1
9761.02,7616.47,4,60,1
9226.49,7819.71,2,7,0
7811.52,6668.9,2,30,1
7150.77,5776.02,3,30,1
6441.32,5402.36,2,30,0
6423.24,4610.66,3,14,1
5234.96,4354.09,4,60,1
5148.53,3749.28,3,30,0
6603.15,5010.65,3,14,1
2977.46,2917.29,1,14,0
6166.5,5686.07,5,30,1
6894.75,6533.19,1,60,0
3120.67,2679.54,3,14,1
4919.93,4208.35,5,7,1
7772.23,5625.88,1,14,0
2205.0,1874.76,4,14,1
2738.39,2416.01,5,60,1
1213.94,1159.44,5,7,1
7331.9,7049.52,4,30,1
1282.07,1023.09,1,14,0
5408.66,3829.68,4,7,0
9610.0,7844.31,2,60,0
8773.52,6633.27,5,30,1
755.27,548.37,5,30,1
2023.83,1913.72,5,7,1
3648.79,3177.34,2,60,0
5800.02,4802.3,4,30,1
7426.13,6954.11,5,30,1
2220.51,1589.22,4,14,1
3165.65,2835.95,5,14,1
9469.49,8838.71,4,30,1
7145.6,5786.72,4,30,1
4737.11,3504.05,5,14,1
8721.41,8326.91,2,30,0
1136.78,1020.21,4,14,1
7044.12,6763.71,2,30,1
9781.17,7815.61,3,7,0
3416.61,2976.56,5,7,1
5478.67,4666.88,2,60,1
2914.96,2496.33,3,14,1
2398.67,1939.63,4,30,1
1647.6,1538.92,4,30,1
9649.88,9048.78,3,60,1
1003.01,928.32,3,60,0
841.17,717.1,2,30,0
4024.89,3573.34,4,7,1
6879.98,6348.86,4,60,1
8982.36,6978.43,4,60,1
9748.09,9499.8,1,14,0
7194.91,6410.75,4,7,1
5553.33,5344.8,3,7,1
3825.65,2784.41,5,60,1
8230.9,5891.87,2,60,0
700.07,547.13,1,14,0
4702.25,3537.41,5,30,1
6601.69,6157.57,1,30,0
7726.63,7687.94,1,7,0
4207.93,3028.55,5,30,1
9670.2,9046.05,3,7,1
1858.08,1372.85,5,30,1
7504.17,6331.41,4,60,1
1524.14,1245.84,4,7,1
1687.7,1410.17,2,60,0
3158.44,2740.75,5,30,1
7273.39,5142.42,5,30,1
7999.85,6567.07,1,30,0
8980.61,8926.1,3,30,0
6626.9,5140.19,4,14,0
2451.73,2415.22,5,60,1
515.73,394.51,4,14,1
5588.68,5267.04,4,14,1
4221.61,4032.63,4,14,1
1763.09,1459.55,4,60,1
7640.79,5980.51,5,14,1
5887.14,4434.63,3,7,0
9420.56,8860.05,5,14,1
8402.88,7544.29,5,60,1
2974.59,2706.92,2,14,0
4226.08,3743.99,5,30,1
8615.39,6743.57,4,30,1
7358.57,7311.43,4,30,1
9295.86,8461.25,5,14,1
5757.26,5672.09,4,30,1
8709.37,7616.43,1,30,0
7813.77,6114.64,5,14,1
2571.16,2483.65,2,60,0
4619.53,3244.98,4,14,1
142.94,111.37,5,60,1
892.68,715.68,3,60,0
8517.9,6983.63,1,7,0
8107.21,7102.96,1,14,0
4056.56,3876.97,1,7,0
6827.23,5099.27,3,7,1
1349.24,1177.87,4,14,1
414.65,402.99,2,7,0
6582.1,6565.64,4,30,1
3150.88,3130.3,3,7,1
3259.25,2803.14,3,60,1
2783.84,2012.03,3,7,1
6937.03,5592.84,4,60,1
9870.14,7104.75,2,60,0
2445.35,1802.52,5,14,1
3497.35,2748.88,5,60,1
4216.87,3522.05,4,14,1
9505.39,6963.38,5,60,1
191.74,159.07,1,30,0
1487.8,1405.9,4,14,1
6332.19,5927.23,4,7,1
3375.42,3245.59,2,7,0
9797.06,7105.09,2,30,0
473.78,419.15,4,30,1
2557.88,1893.87,2,30,1
3163.73,2396.25,4,14,0
8146.2,8092.92,1,14,0
5471.85,4789.33,2,60,0
4974.17,3503.76,5,30,0
2944.17,2591.81,3,7,0
1945.23,1561.65,4,7,1
1954.41,1562.62,5,30,1
4393.29,3488.12,2,30,1
8124.08,5765.92,3,30,0
499.27,374.06,3,14,0
8408.37,6841.04,2,14,0
2913.34,2365.79,2,14,0
3340.79,2885.07,3,60,1
7811.8,6193.64,3,14,0
2612.4,2372.07,3,60,1
1900.21,1779.29,3,30,1
3650.96,3155.24,5,14,1
637.25,485.42,5,7,1
2938.95,2467.16,4,60,1
894.47,635.75,5,14,1
3110.83,2959.67,2,30,0
4822.1,3458.3,3,60,1
1966.85,1446.33,4,60,1
4919.37,4481.89,2,30,0
8433.75,6261.1,2,14,0
1217.16,921.58,4,7,1
4013.66,3325.72,5,14,1
1575.0,1449.49,2,7,1
5328.91,4750.53,5,7,1
9130.03,8192.39,3,30,1
9263.18,7762.2,3,30,1
1747.01,1590.06,1,7,0
4318.11,3559.8,3,60,1
4947.46,4739.23,3,60,0
7957.59,6743.05,1,14,0
3517.21,3400.2,5,60,1
490.94,386.87,5,30,1
281.89,224.02,3,30,1
4981.93,4887.37,4,30,1
5473.07,4668.38,5,14,1
4248.31,3295.61,5,14,1
3796.86,2772.15,4,7,1
432.73,354.9,5,14,1
6454.88,5869.89,2,60,0
8622.06,7151.88,3,14,1
8066.61,6997.32,3,60,1
4175.29,3554.67,4,7,1
9690.22,8006.5,5,7,1
1959.12,1947.72,1,7,0
7112.83,6177.23,3,7,1
3722.78,3275.4,5,14,1
7498.65,7017.27,5,30,1
1159.46,1125.96,2,14,0
610.21,541.16,5,7,1
2498.92,2299.31,4,30,1
151.3,126.32,2,60,0
7334.56,7109.18,3,30,1
8270.58,6724.21,5,7,1
4250.33,3506.09,5,30,1
4548.26,3847.8,4,7,1
3645.05,2787.7,3,14,1
5201.17,4953.12,3,60,1
135.1,103.85,3,14,1
2505.67,2150.14,4,14,1
5721.03,4421.3,2,60,0
2651.38,2635.6,1,30,0
8406.43,6998.33,5,7,1
3702.59,2682.97,4,60,1
5518.37,5302.17,4,30,1
8241.18,6892.57,3,7,1
9482.79,8159.84,3,30,1
1859.31,1858.31,5,60,1
341.81,316.7,4,7,1
7529.72,6242.48,4,30,1
1033.44,890.71,2,14,0
7239.71,7144.81,3,14,1
3069.75,2307.17,1,7,0
7959.6,6868.07,1,60,0
9373.03,6805.11,2,60,0
8321.68,7680.15,4,30,1
8495.02,6439.55,5,14,1
9647.66,7903.26,2,30,1
4243.8,3749.47,1,14,0
722.33,642.27,1,14,0
1429.63,1115.27,4,60,0
7197.64,6164.06,4,60,1
6235.37,5554.33,5,14,1
724.7,555.95,4,7,1
1452.58,1404.49,4,60,1
8464.05,7417.02,4,30,1
2573.58,2375.74,3,7,1
8677.83,8334.7,3,14,1
7385.61,6314.32,3,7,1
5602.92,5524.11,3,60,1
4151.0,3441.92,4,14,1
1087.15,790.21,1,14,0
2482.6,2432.48,5,7,1
6139.76,5785.62,2,30,0
9029.81,8115.22,5,7,1
6183.35,5008.23,4,60,1
2461.87,2375.5,3,14,1
1214.05,1063.42,3,30,0
4521.64,4161.88,2,7,0
4366.18,3210.29,3,60,0
7731.92,6924.87,4,60,1
9309.44,8972.79,2,7,0
548.93,542.8,4,7,1
1681.2,1335.17,3,7,0
493.55,356.99,3,30,0
7472.77,6240.7,1,30,0
7190.3,6675.43,4,14,1
1459.0,1189.52,5,14,1
585.95,547.15,1,7,0
2845.02,2005.15,2,30,0
7879.01,6445.04,3,60,1
8952.13,6904.99,1,7,0
414.18,363.38,2,60,0
8639.5,6358.8,2,60,0
3968.24,3213.13,1,30,0
3924.85,3394.58,5,30,1
9523.24,8138.73,2,60,0
3913.43,3236.5,3,7,0
2447.68,2101.57,5,30,1
4256.18,3028.89,2,30,1
4933.47,4529.51,4,7,1
1951.07,1849.34,5,7,1
7781.59,6600.44,2,7,0
9597.05,8275.54,2,14,0
4273.49,3203.09,4,7,1
7093.55,6956.87,4,30,1
8791.15,8094.53,4,60,1
7755.93,6938.89,5,60,1
2309.53,1952.17,1,60,0
8444.23,6478.41,2,7,0
1761.11,1440.28,1,14,0
9620.35,8328.82,4,7,1
8560.55,7132.77,5,14,1
261.19,188.36,2,60,0
3584.23,3504.46,4,60,1
3388.64,2442.38,2,30,0
9417.31,8197.26,5,60,1
3862.09,3495.2,4,7,1
8160.49,6395.83,2,60,0
172.74,120.95,3,30,0
8681.83,8208.51,3,60,1
7829.33,6500.73,4,7,1
7504.96,7376.25,5,60,1
7244.48,6619.01,5,60,1
6511.76,5270.48,4,30,1
9611.8,7779.06,4,14,1
114.47,91.9,3,7,1
8557.83,7839.92,2,14,1
9813.22,9787.3,3,60,1
6799.32,4979.46,1,60,0
7833.13,7201.55,1,7,0
9574.18,8078.87,5,14,1
8176.28,6381.95,3,30,1
1710.3,1672.48,1,30,0
5633.33,4545.83,3,14,0
4879.09,4833.72,2,60,0
5845.26,4171.94,1,60,0
2333.27,2094.03,4,14,1
2374.69,1732.62,5,60,1
8999.0,7796.33,1,60,0
6610.84,5534.74,4,7,1
2743.86,2636.02,3,60,1
2922.86,2861.65,2,30,0
7503.65,6838.36,1,14,0
3484.94,3159.19,4,30,1
9809.15,8237.36,4,7,1
8083.81,7257.42,2,30,0
495.06,398.74,1,30,0
7968.98,5603.62,3,60,0
2391.19,1883.9,1,14,0
1099.81,1005.42,5,30,1
8610.39,8427.36,2,30,0
1010.26,943.22,2,30,1
4262.68,3128.58,3,30,0
4607.91,4163.09,2,14,0
6802.65,5699.47,4,14,1
7853.95,5811.18,5,30,1
7248.71,5683.68,5,14,1
1463.18,1302.11,3,30,1
1170.32,876.76,1,7,0
5673.64,5503.46,5,14,1
2123.79,1521.49,2,30,0
2973.1,2630.47,5,60,1
8757.41,8559.36,5,7,1
4704.07,4384.79,3,7,1
4999.39,4830.3,4,7,0
6661.41,5379.01,5,7,1
8686.95,6176.99,2,14,0
385.81,312.89,2,14,0
3278.48,3175.6,2,30,0
7397.41,6876.2,2,30,0
6559.48,5416.1,2,14,0
1513.52,1237.65,4,7,1
3533.42,3194.72,1,30,0
4846.0,3581.96,3,30,1
9923.79,7854.47,1,60,0
7369.57,5524.69,1,14,0
1052.94,844.81,1,14,0
1621.66,1464.7,1,30,0
5075.47,4818.7,5,14,1
5998.56,4581.63,5,60,1
7568.72,6493.54,2,30,0
8233.68,6250.69,5,14,1
9647.19,6958.77,2,30,0
6233.51,4469.73,3,14,0
3073.31,2868.73,3,7,1
6523.58,4963.97,1,14,0
4123.14,3355.42,2,14,0
9723.36,8035.95,2,7,1
6093.31,5370.42,4,30,1
9658.19,8875.64,5,60,1
7350.36,7151.61,3,30,1
4256.34,3821.05,3,30,1
2306.94,1850.14,4,30,1
2322.7,2149.71,3,30,1
958.7,766.22,2,14,0
1760.44,1398.36,4,7,1
781.88,745.52,3,30,0
7225.57,6574.57,3,60,1
4224.21,3414.44,4,30,1
3382.34,3339.02,4,7,1
403.51,313.19,2,60,1
9148.4,9070.99,3,14,1
3877.67,3393.08,3,7,1
832.25,584.9,4,60,0
2298.65,2098.82,4,14,1
1243.54,950.73,4,60,1
9748.53,7658.4,4,60,1
5227.06,3985.96,4,60,1
8787.02,7673.56,1,7,0
9881.26,7267.79,4,30,1
1956.68,1410.64,4,14,0
2550.37,2285.52,3,14,1
9494.52,6854.86,3,7,0
3922.18,3141.25,2,60,0
1661.69,1246.06,3,7,0
7483.47,6986.03,2,7,0
2106.86,1613.89,5,7,1
9002.74,8132.77,2,7,1
5929.64,5901.57,3,7,1
636.07,483.55,4,7,1
4785.28,4023.1,4,30,1
7777.89,7676.04,4,60,1
7170.0,6424.97,4,30,1
9266.03,8055.76,1,30,0
1128.89,919.56,1,60,0
6618.72,4720.09,2,60,0
5245.64,4655.46,2,30,0
6675.95,6014.63,3,7,1
1772.95,1577.97,1,60,0
8621.72,8592.02,1,30,0
8527.33,6249.79,1,14,0
1811.5,1276.55,2,14,0
6373.25,4472.37,2,30,0
7508.14,5472.95,3,14,0
5104.32,4227.34,2,14,0
5181.06,5011.56,5,14,1
8567.65,6340.53,4,30,0
518.79,515.87,1,30,0
4575.22,3341.72,4,7,1
1985.85,1780.6,1,30,0
7076.49,6775.77,1,30,0
323.59,290.29,1,14,0
5929.83,4997.73,4,30,1
3243.21,2700.94,1,14,0
9333.27,8516.06,3,60,1
8988.45,7911.45,2,14,0
3607.55,3162.63,1,7,0
1810.79,1694.15,2,30,0
3224.95,3216.81,2,60,0
2723.58,2625.6,2,30,1
7526.14,7153.86,4,7,1
6977.57,5141.11,4,60,1
9810.11,8401.78,2,14,0
1577.06,1310.77,3,7,1
1240.18,881.93,2,14,0
4896.16,4137.5,3,7,0
9690.38,8843.11,4,14,1
1168.82,919.02,4,7,1
942.28,800.42,2,14,0
9230.04,6884.32,1,14,0
3008.46,2583.56,3,14,1
5718.08,5405.73,3,14,0
8834.23,8368.34,1,60,0
3110.5,2734.9,3,60,1
6526.88,6185.78,5,30,1
553.66,515.81,3,7,1
3571.25,2809.77,4,14,1
1020.96,738.78,5,60,1
3159.08,2490.81,5,14,1
9641.91,8179.89,4,60,1
1751.41,1656.63,4,30,1
7219.03,6300.49,4,14,1
5122.42,4339.13,4,30,1
3794.66,2671.3,5,30,1
1866.89,1565.99,5,14,1
5963.05,4986.97,5,7,1
3413.89,2578.71,5,14,1
5575.6,5562.27,2,30,0
1113.92,836.53,2,30,0
3256.89,3042.89,3,7,1
5565.2,4180.46,5,30,1
6465.62,4552.06,3,30,0
8414.93,7181.22,1,7,0
9731.82,8862.92,3,14,1
4570.39,4257.1,3,60,0
8469.2,7535.32,3,14,1
6430.33,6382.08,3,14,1
5871.75,4702.93,1,30,0
2137.27,1654.89,1,7,0
833.41,676.03,1,14,0
5998.05,5066.66,3,7,0
3369.46,2516.77,2,7,0
5037.72,4571.42,1,7,0
9685.25,6927.83,4,7,1
7298.09,5622.23,4,60,1
3335.63,2637.38,2,7,0
5187.56,3711.89,2,7,0
336.71,282.01,1,30,0
9889.33,7554.52,2,7,0
3990.25,3252.25,3,30,1
694.36,524.84,4,7,1
1135.04,993.4,1,7,0
6794.72,5797.0,5,30,1
7413.87,5889.4,5,7,1
8184.21,7054.04,3,14,1
2812.38,2117.58,5,60,1
7483.46,6185.13,1,60,0
4809.43,3870.81,3,30,0
2718.14,2617.36,3,30,1
8386.07,7758.4,4,7,1
1890.38,1497.46,5,14,1
4174.8,4100.55,3,14,1
2179.76,2016.59,1,30,0
2512.34,2415.95,5,14,1
5895.11,4635.64,4,30,1
3619.62,3452.48,5,7,1
2894.84,2161.13,3,7,1
7906.35,7088.51,1,30,0
5309.3,4913.07,2,60,0
9211.94,8899.83,4,60,1
3834.26,3341.36,5,30,1
6644.99,5818.46,3,7,0
6199.9,4740.1,2,7,0
2666.0,2468.26,3,60,1
5254.32,4271.33,5,7,1
8365.24,7704.43,5,14,1
8798.91,6448.54,1,30,0
3891.85,3402.37,5,14,1
7066.61,7064.31,4,7,1
6104.61,5241.27,4,14,1
9261.37,7349.37,2,30,0
1819.75,1690.61,3,30,0
4608.62,3383.46,5,14,1
1616.54,1253.92,5,30,1
9892.31,8280.76,3,7,1
4191.68,3289.6,1,14,0
5106.76,4535.01,5,60,1
1074.59,870.28,1,60,0
9352.76,8570.14,4,14,1
5579.89,4650.72,1,7,0
1456.66,1311.12,4,60,1
948.37,772.37,2,7,0
5791.58,5337.91,4,7,1
1406.25,1230.99,5,7,1
1676.06,1323.44,4,7,1
4683.95,4602.98,4,60,1
4774.97,4496.29,1,60,0
5608.07,4621.39,5,30,1
3544.45,2645.38,5,14,1
3277.28,2376.75,1,60,0
7142.87,6037.35,1,30,0
5876.88,5576.26,5,60,1
831.23,595.52,5,30,1
2293.8,1817.75,3,30,0
7046.18,5329.1,5,7,1
9087.8,6805.33,5,7,1
7006.66,6104.99,4,60,1
996.48,887.7,1,14,0
8548.02,8274.52,4,30,0
5439.85,4169.17,5,7,1
3965.49,3406.2,4,30,1
3377.56,3080.09,5,60,1
3465.66,3344.01,5,30,1
5174.27,4924.42,2,30,1
3661.43,2941.94,2,7,0
7059.58,6098.0,2,30,1
4553.56,4096.4,3,30,0
1094.6,847.51,5,60,1
4183.02,3739.92,5,7,1
8269.84,8199.45,1,30,0
5578.63,4574.46,5,30,1
2601.55,2481.25,4,60,1
5949.23,5134.41,5,60,1
906.87,726.33,3,30,1
7548.67,5773.67,2,14,0
993.94,816.8,4,60,0
8458.74,7616.32,5,60,1
9315.4,6529.24,1,7,0
6264.9,5392.96,5,60,1
382.86,306.65,3,60,0
2404.82,2296.11,4,14,1
6650.48,5328.73,3,14,0
9168.47,8397.59,2,14,0
6129.05,4919.49,3,7,1
7116.97,7113.36,5,14,1
1173.19,1020.24,3,60,0
1376.41,1218.03,5,30,1
5164.69,4207.62,3,7,1
4832.09,4351.2,5,14,1
7588.79,6164.96,1,14,0
6390.56,6153.07,1,14,0
1283.59,1077.24,2,14,0
3144.39,3089.75,5,7,1
6933.78,6481.83,4,14,1
2940.11,2208.23,2,60,0
3300.41,2339.81,4,7,1
6928.67,6197.94,1,30,0
5611.51,4615.47,2,60,0
6007.72,5978.1,5,14,1
3634.04,2782.76,3,30,0
7766.25,5928.81,5,7,1
8959.29,8247.01,5,60,1
1200.75,1096.97,3,7,1
3537.32,3082.73,3,7,0
8777.79,8104.21,5,7,1
884.18,718.31,5,30,1
8805.39,8728.92,2,14,1
5617.14,5391.17,2,30,1
2340.33,1664.17,4,60,1
5881.92,4611.4,3,14,1
8650.81,8618.78,4,60,1
690.42,526.25,5,30,1
3721.6,3472.28,5,30,1
8207.76,6248.59,4,60,1
3315.2,2518.24,5,60,1
3980.38,3269.83,1,30,0
7433.72,7427.99,1,14,0
3666.17,3547.51,3,60,0
287.48,260.43,2,60,0
9845.95,8482.25,3,60,1
228.36,211.14,5,60,1
5088.55,4028.64,3,7,1
8282.49,6777.95,2,60,1
5122.42,3823.24,5,14,1
7037.18,5484.74,3,60,1
5368.9,4706.37,1,30,0
7312.02,7123.78,1,14,0
2743.24,2471.97,5,7,1
7899.5,6418.21,2,60,0
6212.85,5775.27,3,14,1
2342.78,2246.09,1,30,0
3340.16,3337.68,1,60,0
9969.76,8666.06,4,7,1
7196.2,6963.55,4,7,1
9818.59,7495.82,3,60,1
5122.54,3603.71,5,7,1
1838.89,1831.9,2,7,0
9377.88,6671.21,1,60,0
473.48,445.15,3,7,1
7457.09,5340.83,4,14,1
5108.26,4905.27,3,7,1
8113.36,8097.54,2,60,0
5675.88,4577.54,4,30,1
3153.38,2813.15,4,60,1
7912.97,6445.99,1,60,0
8241.14,5968.78,5,14,1
5179.55,4014.31,2,7,0
2660.61,2350.89,4,60,1
6933.38,5916.25,4,30,0
180.17,133.41,1,60,0
7779.84,7242.75,3,14,0
6639.25,5283.34,1,60,0
3265.12,2736.02,2,14,0
3670.93,3570.14,3,60,1
918.59,685.64,3,7,1
2695.63,2663.42,1,60,0
6029.55,5145.73,1,30,0
6432.5,6231.59,4,14,1
2042.3,1901.37,5,14,1
7107.63,6982.09,1,7,0
7243.44,7011.01,5,14,1
8865.6,7123.72,4,60,1
2640.25,2066.81,1,30,0
6495.65,5670.56,3,7,1
4321.06,3722.09,4,14,1
6831.83,6812.8,3,7,1
5403.81,4939.05,5,60,1
8357.67,7711.07,1,7,0
5590.06,5290.74,3,30,1
9692.31,8743.31,3,60,0
7449.89,6195.47,2,30,0
9217.16,6523.04,2,30,0
2868.62,2355.58,3,7,0
6408.44,5650.29,5,7,1
2537.53,2084.95,5,7,1
1225.13,1201.77,4,30,1
6312.58,5372.99,5,30,1
3757.08,3254.64,3,60,1
9306.23,7238.88,5,14,1
693.14,601.73,4,60,1
5024.11,4375.01,2,60,0
5157.17,4510.09,2,60,0
2000.13,1684.24,3,30,1
6130.4,5815.66,2,14,0
7214.12,7183.64,3,30,0
6982.4,5662.07,3,60,1
6004.45,5311.36,5,60,1
4244.46,3562.57,4,14,1
3875.99,2920.03,1,60,0
3510.7,2586.02,5,14,1
8223.44,7525.67,3,60,1
4815.0,4700.95,1,14,0
9733.89,8688.7,4,30,1
6008.89,5705.36,3,30,1
1835.98,1666.98,3,14,1
8568.96,8313.55,3,30,1
8376.67,5941.58,2,14,0
8330.05,6505.39,3,30,0
7287.28,5636.2,4,7,1
2675.65,1880.44,1,60,0
5702.69,4346.84,2,14,1
4312.35,3983.08,2,7,0
2633.33,2450.71,3,30,1
566.45,547.82,2,60,0
7712.73,6044.84,2,60,0
9250.67,7809.58,1,60,0
6680.47,6347.1,5,7,1
9210.24,8715.76,1,60,0
6187.03,5379.73,1,7,0
2185.97,2080.23,4,7,1
7386.02,5926.13,3,30,0
1838.01,1817.08,1,14,0
6495.31,4881.04,2,30,1
3363.94,2800.85,4,30,1
5126.05,4962.41,3,14,1
6193.6,5634.41,5,7,1
3721.35,3501.34,1,30,0
7709.13,6922.39,3,60,1
1409.89,1014.2,5,60,1
7723.49,6202.97,5,14,1
1655.33,1605.05,2,14,0
4646.33,4183.95,1,7,0
6487.11,5782.32,5,7,1
255.02,239.17,2,60,1
1420.75,1270.59,3,14,1
3124.05,2217.74,3,60,1
2552.66,2217.43,4,14,1
7869.12,6694.09,5,14,1
4921.02,4760.35,5,7,1
9609.53,8532.52,4,7,1
7515.34,7397.91,3,14,1
7204.36,6764.32,3,60,1
5978.68,5627.94,1,14,0
2119.83,1734.03,3,30,1
861.52,796.47,2,60,1
6090.44,4849.7,3,30,0
2217.89,1708.41,3,30,0
4541.15,4534.0,1,7,0
4727.32,3333.22,2,7,0
2575.03,2079.71,3,7,0
354.22,321.07,4,60,1
6739.94,5750.21,3,60,0
1721.94,1229.63,5,30,1
3639.52,3161.6,5,30,1
9739.86,8289.98,4,30,1
8096.23,5767.77,2,7,0
4826.8,3471.69,1,30,0
1576.53,1533.92,5,7,1
1867.82,1328.47,3,7,1
2444.04,2252.68,3,60,1
5807.98,4632.75,4,7,0
2575.79,2280.93,1,7,1
1574.51,1152.64,2,30,0
7668.39,6542.11,1,14,0
7958.72,7668.74,1,14,0
7806.36,7293.85,5,60,1
121.75,108.78,3,30,1
3158.95,2836.9,1,14,0
8145.16,6730.59,5,14,1
8930.86,6903.07,5,14,1
7584.01,6251.63,1,30,0
252.13,198.91,1,30,0
5501.34,4123.92,5,14,1
7680.77,7325.62,3,30,1
6110.05,5350.84,2,7,0
9687.15,7942.27,3,7,0
152.38,148.22,2,60,1
8516.05,6483.24,4,14,1
6580.42,6086.12,3,14,1
4874.19,4683.62,5,7,1
3508.07,2626.51,3,7,0
4275.98,3490.51,4,7,0
4445.73,3725.84,1,14,0
5068.19,4856.89,2,14,1
4864.17,4428.13,3,7,1
4634.62,3294.25,1,60,0
9694.11,7121.63,4,60,1
4591.78,3757.78,1,7,0
5237.74,4542.86,3,14,0
3379.27,3268.15,4,30,1
1963.57,1607.18,5,14,1
7783.85,5532.08,3,60,1
3348.36,2825.67,1,14,0
3052.2,2785.9,5,30,1
6402.52,5209.94,2,7,1
1223.27,875.72,2,60,1
4559.99,3747.66,3,7,1
7362.67,6862.89,3,30,1
9466.01,9410.54,5,60,1
6653.1,4903.88,5,14,1
9657.0,8695.18,1,60,0
3022.78,2135.95,4,30,0
5372.57,5001.68,5,30,1
8510.8,6411.19,1,60,0
2388.57,2115.77,1,30,0
2489.42,2185.89,5,14,1
8711.64,7231.56,4,7,1
648.85,481.57,2,30,0
9540.57,7574.77,4,7,1
3776.85,3675.46,2,60,1
7925.93,6286.9,1,30,0
7109.38,6839.4,1,7,0
518.4,443.39,5,30,1
5046.02,3538.93,5,30,1
4780.97,3803.58,3,30,1
9006.9,6830.57,5,60,1
9941.82,7154.38,1,60,0
5747.82,4766.56,2,7,0
5918.02,4323.3,1,30,0
1979.36,1884.74,5,60,1
1594.48,1561.82,4,30,1
1411.82,1332.45,4,60,1
7247.74,6263.97,1,30,0
1512.85,1248.41,2,30,1
3318.39,2810.23,4,7,1
3388.95,2758.41,3,60,1
2689.38,2399.29,2,7,0
1057.36,845.42,5,60,1
5675.37,4364.42,3,60,0
9882.73,8630.65,2,60,1
2074.75,2048.67,3,60,1
1332.3,1185.21,4,60,1
6847.79,5006.03,1,60,0
9480.08,8004.32,3,7,1
4018.35,2958.76,2,7,0
5578.25,4411.14,2,60,0
2135.24,1604.37,4,7,1
6270.27,5522.57,1,30,0
2624.66,2364.38,2,7,1
4473.68,3566.92,5,60,1
4433.81,3638.34,4,30,1
100.91,76.23,2,30,0
7075.83,5701.07,5,14,1
2512.94,2097.35,4,14,0
7574.16,7121.85,5,60,1
8305.19,6340.02,5,14,1
4513.21,3983.63,5,14,1
7279.2,6118.18,2,14,0
8953.26,7142.59,1,14,0
1658.58,1180.52,1,14,0
9576.41,8609.4,1,60,0
8042.42,6405.64,2,60,0
9968.49,7636.84,3,60,0
1394.08,1049.6,3,7,0
3942.18,3472.25,3,30,0
1122.6,1092.42,5,7,1
1756.87,1611.35,1,60,0
1811.73,1362.94,5,7,1
1286.8,1256.5,4,7,1
3232.4,2854.69,1,7,0
9581.45,8286.45,3,7,0
8821.79,8458.87,2,14,1
6749.17,4912.96,5,60,1
6235.13,5784.65,5,14,1
2071.88,1614.83,1,14,1
5769.87,5306.16,5,30,1
1265.83,971.54,4,14,1
677.17,551.84,5,7,1
4287.77,3056.34,5,60,1
8659.6,6123.53,2,60,1
7515.13,5548.52,3,7,0
5417.81,3878.64,3,14,1
7346.65,6140.96,1,30,0
5490.73,4692.36,5,30,1
204.42,188.55,5,14,1
6983.39,5979.86,2,60,1
2184.66,1924.44,1,7,0
9964.01,9110.36,4,14,1
3229.01,2279.03,1,7,0
8251.06,8068.5,3,7,0
2554.27,2505.21,1,14,0
9748.01,7354.6,5,7,1
7667.99,6273.22,5,14,1
4747.96,3551.86,2,30,1
7305.8,6817.72,1,7,0
5799.35,4089.71,4,30,1
2925.61,2873.68,1,14,0
1092.76,926.11,3,7,1
2184.27,1725.11,3,30,1
2366.35,1887.66,5,7,1
7050.75,6953.92,2,60,1
7288.77,6066.19,5,30,1
1922.07,1409.24,1,7,0
2361.34,1846.21,2,14,0
5060.38,4429.71,4,7,1
7043.12,6156.7,4,30,1
8105.67,6958.67,3,14,1
9430.42,8979.47,4,60,1
222.4,175.67,5,60,1
9978.09,7655.53,5,14,1
6735.52,6331.59,2,30,0
7624.04,6614.54,2,60,0
2479.57,2365.94,3,30,1
2701.87,2003.0,1,60,0
1909.57,1482.12,2,60,1
880.42,763.1,5,60,1
6711.85,5595.13,1,14,0
3965.18,2863.04,4,30,1
9995.77,7979.78,3,7,1
8968.03,7906.58,3,14,1
6749.73,6142.26,3,7,1
4333.3,3950.39,5,60,1
7979.22,7451.32,1,30,0
8446.44,7058.34,3,14,1
4038.91,3623.48,3,60,1
1057.49,788.62,5,30,1
5480.35,3838.34,4,14,1
4876.43,4334.83,5,60,1
3811.64,3779.41,1,30,0
9481.14,8890.12,2,30,0
2575.97,1922.73,2,60,0
5259.04,4709.52,1,60,0
4375.58,3398.18,3,14,1
731.99,514.95,3,30,1
5869.78,4209.79,4,30,0
1712.78,1418.73,2,14,1
6552.37,5069.77,2,14,0
1658.36,1350.98,1,30,0
9635.4,7792.52,5,14,1
8796.91,8551.6,3,14,1
9674.92,7297.65,2,60,0
9674.67,7694.65,4,14,1
4460.59,3223.83,2,14,0
5571.74,5477.94,1,14,0
1408.38,1180.47,3,30,0
5657.54,5211.6,5,60,1
8734.9,8093.58,1,60,0
1710.28,1528.0,3,7,1
3197.93,3154.07,2,14,1
6453.34,5701.01,4,30,1
8337.06,6036.61,1,60,0
9034.71,7832.83,2,7,1
3710.05,2671.51,1,30,0
3194.23,2894.75,3,30,1
8789.75,7388.41,1,7,0
856.98,837.6,1,7,1
8406.78,8219.32,1,7,0
3872.6,3539.72,2,14,0
9684.47,7288.01,4,30,1
2500.33,1997.89,5,14,1
7232.09,7127.63,4,60,1
1676.3,1391.48,5,14,1
6039.17,4347.86,3,30,0
115.49,103.27,5,60,1
5078.78,4440.89,2,14,0
9756.2,9373.47,3,7,0
971.4,913.44,4,7,1
6381.54,6372.52,3,14,1
4619.73,3461.51,4,60,1
5533.16,4325.99,5,60,1
1817.64,1734.28,1,14,0
9943.7,8567.7,5,7,1
5543.06,5102.29,5,60,1
632.87,486.5,5,7,1
6317.99,6031.08,4,60,1
3176.43,3163.4,4,7,1
9232.22,7801.3,4,7,1
9517.79,7724.78,4,60,1
8918.9,8525.94,2,30,1
778.36,762.49,2,60,1
6602.96,6075.0,1,14,0
1337.9,1243.73,3,7,1
6580.5,5679.88,3,30,1
9355.09,7815.58,2,14,0
3580.2,3119.01,2,14,0
2976.74,2668.39,2,14,1
6805.16,4938.84,3,7,0
6509.06,5185.71,3,60,0
3123.26,2541.37,5,7,1
2438.43,1722.82,5,30,1
3869.25,3708.09,3,30,1
1024.53,731.92,2,30,0
6527.39,5505.11,3,7,0
5992.79,5452.73,5,60,1
8965.28,6674.87,4,30,1
5719.18,5573.41,1,14,0
7301.05,5507.29,2,14,0
8480.03,8332.72,1,60,0
4871.1,3901.2,4,14,1
600.35,511.22,4,30,0
7731.66,5794.6,5,7,1
883.21,792.16,3,30,0
5690.24,4645.72,4,14,1
8156.01,6428.6,3,7,0
6064.99,4452.12,5,30,1
2875.43,2451.35,1,14,0
1217.99,986.73,3,7,0
6578.9,6140.24,2,30,0
2479.44,2001.7,5,14,1
7777.59,6889.4,5,30,1
3210.96,2532.26,5,14,1
6089.29,5926.18,4,14,1
602.91,488.19,3,7,1
947.97,809.76,1,14,0
9273.6,6943.7,5,7,1
5105.12,4386.39,4,14,1
6628.28,5249.35,2,30,0
1062.2,779.47,2,60,0
9713.3,7519.53,5,7,0
5132.5,3714.14,2,14,0
7144.9,5864.24,2,60,0
6799.99,5930.96,1,7,0
472.31,420.06,3,7,0
2076.78,2060.75,2,30,1
4123.5,3528.04,4,7,1
